cust_id,name,email,address,phone
1,Pamela Manning,wilsonkelly@example.org,"985 Michelle Avenue
North Tyronefort, TX 33631",752.482.8019x613
2,Rachael Fox,stewartkristine@example.org,"81801 Rhonda Spring
Albertchester, OR 19542",001-463-496-4344
3,Larry King,david95@example.com,"5368 Caleb Light Apt. 071
Port Adamberg, DE 12512",+1-255-910-7141x63072
4,Veronica Zhang,emilypierce@example.org,"42665 James Prairie Apt. 014
Moorehaven, NE 87657",+1-757-596-9798
5,Zachary Parker,lee32@example.com,"7085 William Camp
East Thomas, GA 98599",(990)481-4857x00877
6,Melissa Page,vaughnaustin@example.com,"5577 Ferguson Fork Suite 376
Griffinberg, TN 11682",(743)483-9172
7,Sandra Johnson,robert70@example.org,"414 Eaton Ferry Suite 024
Lake Davidside, GU 12686",001-955-347-4720
8,Jason Alexander,morgan58@example.net,"8164 Michael Pines Suite 829
Willismouth, IN 78987",432-900-8762x151
9,Anna Collins,velasquezjesus@example.com,"Unit 9452 Box 5809
DPO AP 64715",9754823425
10,Courtney Molina,nclark@example.net,"729 Sherry Rest
Johnsonburgh, KY 91780",246.691.2384x07775
11,Jackie Williams,christinaroberts@example.net,"8600 Franco Vista
Sarahmouth, NC 72161",824.804.4736x4829
12,Patricia Villa,howardjames@example.com,"8196 Kent Shores Suite 155
West Antonioburgh, MI 14265",442-543-5525x6454
13,Christopher Jones,ythompson@example.net,"0774 Arthur Mills
Richardsonside, WI 71523",(472)275-5172x588
14,Jon Mitchell,mellis@example.com,"700 Woods Port
Michaelmouth, NV 75498",001-606-769-1833x3664
15,Jeffrey Mitchell,lindsaymorrison@example.com,"0629 Graham Trafficway
Hernandezland, MP 82396",(699)618-9376
16,Jordan Wilson,mendozachristina@example.net,"89212 Kim Radial Apt. 608
Mathewton, GA 80542",(807)645-3792x5747
17,Ariana Cox,hsoto@example.net,"01758 Tonya Shoal Apt. 505
East Douglas, WI 83387",+1-221-833-1243x7737
18,Keith Reyes,belljoseph@example.com,"241 Whitney Squares Suite 915
Jacobsfort, NJ 55108",(607)822-5299
19,Mary Johnson,jnguyen@example.org,"56245 Charles Pines Apt. 740
Lake Robertport, GA 01309",+1-378-992-1542x97488
20,Michele Carpenter,nguyenangela@example.org,"56622 Campbell Rapids Apt. 072
Vasquezville, SC 41521",867-961-2232x83549
21,Megan Booker,gmcgee@example.org,"964 Peters Road
Villaburgh, FL 40824",(497)496-9972x6036
22,Gloria Parrish,,"1976 Lee Groves Apt. 850
Crystalshire, WI 97119",639-494-5572
23,Amanda Ortiz,carmen51@example.com,"3409 Nicole Locks Apt. 636
Lake Julieside, NE 72729",+1-347-882-8166
24,James Murphy,hellis@example.org,"68789 Flowers Stream
Amandafort, ND 30579",001-675-297-2241x46160
25,Jeffrey Pena,margaretbeck@example.com,"31693 Breanna Street
Georgehaven, IA 75890",592-323-3083
26,Brittany Skinner,debrarivera@example.com,"91038 Duke Bypass
Kathleenbury, MN 31296",212.234.4083
27,Mary Cain,johnsonmelissa@example.com,"5569 John Village
Franklinshire, IL 46798",001-717-368-4518
28,Cheryl Williams,fbrown@example.net,"349 Barron River
North Robertfort, WI 24215",521-753-4706x31318
29,Edward Bender,mendezdanielle@example.com,"09795 Garza Knolls Apt. 108
Raymondburgh, UT 53017",6888407335
30,Miss Jennifer Odom,george52@example.com,"5442 Colin Spurs
East Kellyton, ID 24789",+1-620-773-2260x13253
31,Justin Glover,graylori@example.com,"PSC 2710, Box 9945
APO AA 30088",+1-362-482-9551x90773
32,Colleen Mendoza,hayden08@example.org,"60146 Osborn Gardens
Forbesfurt, LA 87419",001-559-911-4782x817
33,Michael Patterson,michael40@example.org,"177 Elizabeth Cape Apt. 490
East Danielborough, CT 40898",949.271.9363
34,Jo White,freemanpaula@example.net,"096 Richardson Highway
Lake Stephenstad, ND 11148",(701)409-3745x52402
35,Christopher Jones,joseph15@example.com,"984 Taylor Glen
East Olivia, RI 58816",(595)276-2537x30243
36,Kathryn Baker,,"02903 Robert Passage Suite 264
Jennifershire, CT 77464",+1-340-470-6564x00550
37,Mark Lawson,dking@example.org,"63328 Miller Pass
Rodgersview, ID 69309",+1-436-493-9263x00170
38,Stephanie Casey,george98@example.org,"191 Matthew Highway
South Mary, MS 55555",+1-989-937-8648
39,Kelly Ewing MD,kwalker@example.org,"01385 Cruz Skyway Suite 526
New Markfurt, NY 91330",(556)689-3063
40,Elizabeth Sanchez,davidellis@example.com,"Unit 4716 Box 1788
DPO AA 58708",+1-310-727-7837
41,,scollins@example.org,"13439 Valerie Loop Apt. 259
South Stevenside, ND 62926",(906)663-8672x68273
42,Nicholas Carr,simsraymond@example.net,"522 Hayes Oval
Lake Gregoryfurt, ID 07081",+1-733-559-5856x063
43,Laura Jackson,cooperjames@example.org,"21566 Harris Street
New Christopherchester, PR 70494",693-340-1709
44,Donald Green,jeremy27@example.com,"1347 Daniels Courts
Michaelborough, NE 93390",649.878.8795x68630
45,Christopher Montgomery,sarah49@example.net,"485 Mary Radial Apt. 209
North Crystalport, VI 96073",590.742.4167
46,Andrew Hudson,dfernandez@example.org,"316 Guzman Club
Lake Sharon, TX 20794",(776)680-4051
47,Jeffery Hansen,zashley@example.net,"2205 Brooks Estate Apt. 288
Thomasburgh, MH 05531",+1-254-459-4053x3184
48,Karen Cline,morgan65@example.org,"095 Christopher Mills Apt. 220
West Michaelland, MT 36437",(822)827-2569x78066
49,Brandon Miller,anthony08@example.com,"063 Davidson Mission Apt. 400
Lauraville, VA 44038",423.714.5003x598
50,Charles Long,jnorris@example.com,"41903 Maria Square Suite 625
Carlosmouth, KS 48658",001-301-468-7742
51,Gary Werner,samuel22@example.net,"14644 Turner Road Suite 685
New Pamela, MS 40814",001-654-688-0797x03514
52,Ashley Ortiz,kstone@example.org,"88572 Taylor Causeway
Meadowsborough, WI 17218",001-812-960-2284x47791
53,Mark Bright,jamesreid@example.com,"2983 Laura Light Apt. 791
Paulside, SC 67149",+1-922-793-7845x9836
54,Tracy Ramirez,changkevin@example.com,"4483 Michael Locks
Christinaland, OR 32746",538-782-6742
55,Tony Stewart,lisaphelps@example.org,"835 Gary Union Suite 956
North Debra, DC 30878",001-859-622-3419x09691
56,Lauren Bates,yharris@example.org,"Unit 6073 Box 5602
DPO AA 70624",(577)653-6333x3660
57,Emily Roberts,kimberly48@example.com,"2360 Hernandez Plaza Suite 806
Rebeccaland, MS 31621",2332589937
58,Michael King,nwalters@example.org,"13635 Bennett Ferry
Blackmouth, MO 04304",(374)517-0112
59,Richard Herring,smithaustin@example.com,"292 Allen Lane Apt. 560
Johnmouth, PA 51592",(263)885-0421x902
60,Evelyn Cook,hogansarah@example.net,"815 Jason Station Suite 027
Pattersonton, NE 52968",362-278-6263x7004
61,Felicia Stewart DDS,deannacarlson@example.com,"552 Anthony Divide
Port Robertton, SD 90222",8122304719
62,Maria Poole,leblanckyle@example.net,"19910 Harris Underpass Suite 534
Loganbury, HI 99302",+1-224-531-1749x28561
63,Robert Campbell,xtaylor@example.org,"78961 Steve Walks
West Brett, ND 72083",(893)337-1592
64,Catherine Taylor,matthewsandrew@example.com,"0599 Robert Stream Suite 434
Lake Rachelfort, SC 62534",(766)623-4025x27476
65,Javier Powers,bwatson@example.net,"062 Sara Light Suite 964
Crystalchester, CO 91721",+1-683-264-2551x29131
66,Christopher Drake,christopher16@example.com,"64871 Kyle Circle Apt. 372
Smithview, MP 01020",001-457-533-9017x77960
67,Shawn Carpenter,ayoung@example.org,"016 Brian Ramp
East Michelle, AR 88794",001-698-423-7570x994
68,Tina Griffin,christine94@example.net,"078 Johnson Brook Apt. 760
Lake Michelle, TN 81461",001-876-616-3536x98263
69,Raymond Hart,johnsonchelsea@example.net,"51325 Gillespie Passage
East Robert, CO 33333",431-579-3064x587
70,Paul Miller Jr.,bandrews@example.org,"21797 Perez Fort Apt. 678
Port Timothyberg, DC 15365",(429)963-3575
71,Danielle Reed,grobinson@example.com,"PSC 6606, Box 9273
APO AP 02693",+1-248-640-4291
72,Tammy Perez,ashleybender@example.org,"769 William Plaza
Anthonybury, NC 67553",720.958.9241
73,Felicia Edwards,cindyparks@example.com,"9601 Leslie Drive Apt. 569
West Susanbury, PW 61127",+1-418-870-9879x1595
74,David Schmidt,rschneider@example.net,"633 Reynolds Dam
Petermouth, MO 84053",001-989-693-5318x213
75,Jenna Rodriguez,dennismcpherson@example.net,"877 Frank Villages Apt. 770
West Angelaberg, ID 46123",203.461.2480
76,David Scott,fdillon@example.org,"7732 Arias Views Suite 836
Markshaven, IL 07034",420.936.1529x234
77,Anthony Carson,cassandra53@example.com,"5029 Wilson Junctions Apt. 271
North Hunterhaven, TX 80203",(253)284-5683
78,Hayden Kidd,mcintoshkimberly@example.com,"9259 Debbie Prairie
Shannonland, AK 74484",(883)627-3930
79,Vanessa Lam,emily67@example.org,"71361 Riley Landing Suite 477
Port Keith, MA 27784",538.775.2590
80,Lisa Allen MD,kwatkins@example.com,"056 Fernandez Radial
East Michaelville, KS 03363",260-568-8717
81,Gina Hernandez,xsimmons@example.net,"4190 Zachary Squares
Higginsstad, AL 02360",+1-871-928-3507
82,Ashley Stone,charles48@example.org,"0856 Amber Street
New Tylermouth, NC 61782",204-539-3673x302
83,Cynthia Mcintyre,tanderson@example.net,"112 Montgomery Flats Suite 360
North Monica, GU 25234",755.200.7576
84,Chelsea Mann,tyler81@example.org,"824 Lewis Manor Apt. 708
Andreatown, AS 90188",691-926-9330
85,Jason Kim,leachcody@example.net,"54718 Shawn Valley
Wallmouth, ID 48503",001-361-337-7611x89692
86,Mark Davis,wilsonraymond@example.net,"173 Mercado Forks
Joshuashire, IL 02439",+1-787-203-5996
87,Seth Johnson,reeselawrence@example.org,"PSC 8431, Box 7782
APO AP 85105",001-579-316-1264x1198
88,Corey Marsh,lorimcneil@example.com,"2685 Gomez Course
South Cynthia, MA 69226",(629)528-7201x90163
89,Maria Jordan,tara19@example.net,"74687 Sean Wells
South Sabrina, PW 69951",(648)336-4357x2631
90,,austinnolan@example.net,"47475 Joseph Brooks
Bakerland, DC 69920",416.601.3259
91,Mark Wright,,"180 Veronica Rue Suite 424
Jennifershire, AS 83885",(581)295-6576x08329
92,Todd Levine,ewilson@example.net,"Unit 9237 Box 8941
DPO AP 57476",469-563-8229x384
93,William Martin,amandagraham@example.com,"88263 Keller Knoll Apt. 082
Wilcoxside, DE 17151",001-214-513-2033x474
94,Holly Sanchez,rickgonzales@example.com,"PSC 4200, Box 0765
APO AA 38777",+1-442-919-5726
95,Daniel Gonzalez,berryamber@example.org,"113 Murphy Brook Suite 144
New Sandra, NV 53953",797.662.9920x41254
96,Audrey Watkins,miguel42@example.org,"735 Sharon Shore Apt. 852
Chenton, NV 65751",941.213.0105x24730
97,Cassandra Morrison,alicia85@example.com,"4675 Melissa Plains
Joshuaview, ME 89721",(872)302-4172x31220
98,Monica Neal,ostuart@example.com,"611 Diaz Overpass
North Martinshire, AK 05893",502.714.4699
99,Debra Barrett,yschmitt@example.org,"34311 Lisa Port
New Louisfort, WA 25259",+1-764-694-2950
100,James Jones,collinseric@example.com,"75422 Murphy Light Apt. 994
Madelinehaven, NM 06655",(330)540-4350x834
101,Kimberly Hunter,uherring@example.org,"1044 Kirby Greens Suite 697
Maciasfort, WI 61552",455-628-2220x55517
102,Nicole Marquez,allengwendolyn@example.com,"10182 Price Via
Corychester, VT 80505",+1-954-934-8070
103,Christopher Roberts,hineskimberly@example.org,"87338 Timothy Centers Suite 602
North Robertland, LA 81513",764-849-9820x4646
104,Kevin Wilson,kenneth62@example.net,"2846 Tammy Passage Apt. 835
East Danielstad, GU 88993",+1-244-554-0671x7963
105,Jack Jordan,leonbryan@example.net,"981 Scott Island
North Natashafort, NY 90601",001-822-314-5059
106,Amanda Wilson,pwilliams@example.com,"9438 Cathy Station
Alexandershire, PW 68768",001-204-240-2241
107,Erin Price,brandonreynolds@example.net,"98173 Nathan Pine
Jonathanport, GA 71272",+1-363-912-8597x9764
108,Steven Reese,whiteamanda@example.org,"320 Jesse Port Apt. 593
Mirandaburgh, VA 94126",+1-294-559-3447x16537
109,Jennifer Lawson,fishersteve@example.com,"150 Linda Ford
Lake Scottville, MP 34991",585-833-3158x6887
110,Lindsay Miller,stacyshields@example.org,"4174 Kim Club Apt. 933
Lake Patrick, TN 91909",+1-429-249-9765x839
111,Amanda Johnson,arthurirwin@example.com,"8751 Laura Well
West Thomasside, HI 79467",001-862-221-8050x602
112,Tammy Howell MD,mckenzietravis@example.com,"963 Roach Forge Apt. 901
Rebeccaview, SD 10935",(483)972-6890x551
113,Paul Lewis,maureen44@example.com,"5945 Ellison Extension
Allenhaven, AZ 90996",+1-486-283-5824x105
114,Paul Fields,nathanielscott@example.org,"86307 Sean Pike
North Laurastad, SD 60738",(265)521-5452x323
115,James Osborn,watersmichael@example.com,"272 Kelsey Locks
Angelachester, ND 26108",+1-749-517-0950x23692
116,Jose Johnson,mshepard@example.org,"07993 Travis Park Suite 020
New Stephenbury, AR 34251",(964)371-1706
117,Cory Zavala,taylor00@example.org,"0257 Blake Brook
Port Andre, RI 87608",+1-606-613-0364
118,Jeff Williams,wcortez@example.com,"66610 Moore Crest Apt. 862
Lake Travis, MP 09695",4345849871
119,Maria Scott,fowlerjustin@example.org,"7672 Julie Lakes Suite 526
New Johntown, ID 89922",001-264-446-4437x8689
120,Jacqueline Mccullough,reynoldspatrick@example.com,"140 Griffin Radial Apt. 727
Brittanyburgh, DE 25907",(816)724-8887x0255
121,Jacob Bonilla MD,ydouglas@example.com,"262 Wallace Port
Burtonport, IN 36419",899.778.3229x638
122,Emily Bates,deniseramirez@example.com,"58825 Daniel Mission
New Jessicaside, MA 86454",(993)570-4348x1755
123,Stacey Pace,davidsantos@example.com,"8793 Jimmy Centers
East Debra, CO 75505",(866)294-1056x975
124,Daniel Haynes,kimbeck@example.net,"6112 Thomas Shore Apt. 888
New Cindymouth, PR 65289",(936)509-3860x8564
125,Joel Lewis,scottwashington@example.com,"911 Shaffer Coves
Lake Lisa, UT 06584",(900)450-6883x1949
126,Stephanie Johnson,hollyburgess@example.com,"855 Stephanie Streets
Port Donna, AL 49762",593-770-3079x305
127,Cynthia Preston,pwilliams@example.net,"1737 Andrew Burgs
West Jared, WY 91868",636.245.3517x9845
128,Ryan Lynch,nicholas82@example.org,"75750 Megan View
Victoriaberg, RI 73730",(754)921-9405x122
129,Chelsea Woods,deanmartinez@example.com,"589 Heather Trail
South Alexander, RI 14936",8595273254
130,Curtis Holt,nicolebradley@example.org,"7491 Lopez Station
New Soniashire, VI 44145",(640)645-1636x67844
131,Gregory Smith,ymaddox@example.org,"62267 Mahoney Cove Apt. 987
Haleland, MA 05681",4212086937
132,Robin Hill,marytodd@example.net,"316 Riley Park
Spearsburgh, AL 56104",4733948453
133,Mallory Ortiz,nstewart@example.org,"5653 Bailey Coves Suite 520
Lynnfurt, FL 25138",(284)768-8341x64482
134,Jesus Smith,xchan@example.com,"PSC 9310, Box 9529
APO AA 58201",204-878-1237x870
135,Robert Scott,mayercory@example.net,"11320 Turner Terrace Suite 334
Josephshire, AK 37947",2589095343
136,Travis Curtis,qgrant@example.com,"33293 Dixon Stravenue
West James, VI 25910",946.819.7983x572
137,Melissa Williamson,lopezdebbie@example.net,"6043 Stephen Valleys Apt. 874
East Alexandra, FM 07127",727.457.1081x761
138,Michelle Wise,faulknerxavier@example.org,"Unit 0766 Box 3362
DPO AP 28523",773.322.2624x04382
139,Joseph Fields,stephen32@example.com,"20121 Rachel Square Suite 820
North Darrenville, NE 37560",(522)256-9512x34133
140,Michael Garner,sanchezmark@example.com,"7111 Brown Pike Suite 084
West Cathybury, WA 22039",381-238-2256x341
141,Evelyn Cross,klynn@example.org,"50751 West River Apt. 573
Lake Brianchester, MP 91307",274.967.6875
142,Melissa Weaver,charris@example.com,"70042 Kelly Glen Apt. 904
North Rachel, VI 08035",(348)669-3901x5212
143,Ms. Julie Cunningham,mary54@example.org,"116 Rivera Squares Apt. 959
New Matthewland, MO 14720",2903253183
144,Sara Williams,patelbrandon@example.com,"Unit 7395 Box 9509
DPO AP 87022",994-540-0861x4500
145,Jacob Turner,tbarnes@example.net,"945 Stephens Mission Apt. 882
Port Robert, MI 30303",757.462.9404x1453
146,Jenny Morgan,kristinwebster@example.com,"39265 Baker Inlet Apt. 207
North Raymondland, AZ 04567",886.419.4360
147,Cody Wolfe,heatherevans@example.com,"706 Johnson Landing
Lake Ashley, MP 35794",(492)243-8980x50962
148,Brenda Lawrence,pamela59@example.org,"4314 Jackson Throughway Apt. 410
Port Kelly, NY 76842",761.829.0204x527
149,Lindsay Henry,daviskenneth@example.com,"868 Sonya Pike Apt. 836
South Susan, SD 35709",3874673571
150,Stephen Rose,michaelmurphy@example.org,"4839 Kelly Causeway
Lake Aaron, NM 53671",(782)258-9435x3927
151,Robert Brown,danielhenson@example.org,"636 Kathy Greens Suite 411
Bakerland, DC 40434",778-381-9324x073
152,Charles Smith,samanthaallen@example.com,"087 Johnson Station
Millsshire, IL 66544",+1-720-223-9323
153,Catherine Cervantes,kenthart@example.net,"475 Diane Shores
Sandramouth, PR 25715",(955)384-8662
154,John Howard,shelby57@example.org,"457 Dawson Heights Suite 154
Lake Rachaelshire, IL 74207",+1-460-457-4019x17975
155,Sara Wang,shannon87@example.org,"USNV Stephenson
FPO AE 80799",776.668.4475x08436
156,Brandon Sparks,contrerasnatalie@example.org,"1805 Brianna Grove
Port Scottbury, NY 71076",001-945-330-8670x038
157,George Nelson,,"6308 Brittney Trafficway Apt. 027
Kevinmouth, PW 60178",7206469171
158,Michael Wilcox,logandickson@example.com,"82517 Hernandez Orchard Apt. 821
Lake Kathleen, MN 49311",001-897-965-4542x963
159,Hannah Briggs,collierjulie@example.com,"8290 Scott Divide Apt. 533
Christineton, DE 95279",(311)498-4691x3088
160,Kyle Dillon,mitchellbrown@example.com,"45115 Edward Union Suite 783
New Rebeccaville, MA 95554",(368)279-2387
161,Cheryl Obrien,ucarroll@example.net,"67571 Nelson Road
Port Matthewview, IL 59042",2444663740
162,Joshua Jarvis,mariahicks@example.com,"9037 Bass Port Suite 945
Port Mark, CT 96071",001-778-525-3503x680
163,Mr. Louis Tyler,kristinrobinson@example.net,"40335 Daniel Junctions Apt. 396
North Stephanieview, TN 90832",431.742.3078
164,Charles Barnes,richard89@example.org,"530 Burke Mews Suite 164
Kennethport, NY 98748",796-402-2921x1514
165,Michael Morgan,leroyhenry@example.net,"489 Devin Pines Apt. 743
North Zoe, NC 13972",318-615-4903x2649
166,Shannon Ortiz,nicolepatterson@example.net,"505 Harris Brook Apt. 587
East Susan, WA 06860",258.289.9457
167,Erin Moore,jrichards@example.org,"95437 Jeremy Cliff
New Emilystad, IA 97895",(644)805-6384
168,Christine Mcgee,ccervantes@example.com,"435 Rebecca Summit
Port Stacy, OR 03990",+1-516-356-5169x14624
169,Mr. George Meyer,normandavid@example.org,"3832 Guzman Ridges
Charleshaven, DE 94453",001-651-517-7757
170,Monique Davis,gatesmary@example.org,"3269 Sandoval Rest Apt. 014
Brownmouth, NH 98574",4276680736
171,David Roberts,angelajenkins@example.org,"5806 Parsons Trafficway
West Robertchester, MO 98592",+1-543-219-4235x557
172,Robert Thomas MD,franklinmindy@example.org,"Unit 6542 Box 7025
DPO AA 30174",216.431.3487
173,Kevin Valdez,hyang@example.com,"1774 Webb Divide
West Theodore, RI 89352",481-751-6715x115
174,Sylvia Taylor,brian39@example.com,"6853 Melvin Light
Lake Lindashire, ME 21872",+1-825-982-6840x734
175,Joseph Olson DDS,owensjoseph@example.net,"129 Smith Branch
East Tracy, ME 11218",+1-547-572-6197x851
176,Ashley Choi,marco40@example.org,"0727 Ann Neck
Lake Tiffany, NV 79032",(274)378-5671
177,Megan Knight,melvin23@example.net,"02231 Benjamin Mountains
Chavezside, NM 16962",+1-874-282-4978x20742
178,Elizabeth Martin,jennabird@example.org,"638 Stephanie View
Kyleshire, HI 05016",001-244-541-6732x44609
179,Carrie Vaughn,ofrederick@example.net,"183 Carter Hills Suite 333
West Matthewside, UT 95634",001-524-580-5819x5895
180,Michelle Palmer,petersondavid@example.org,"371 Ware Drive
New David, NM 99647",+1-512-866-6612x42650
181,Brent Bernard,annette00@example.com,"030 Danielle Ferry
North Pamelastad, FM 54295",959.719.7395x79816
182,Scott Burns,ashley77@example.org,"73899 Troy Road Suite 601
Cobbburgh, WY 14514",+1-692-694-7121
183,Mrs. Teresa Hoffman,markpatterson@example.org,"3932 Smith Lock
Lewisside, ME 67564",001-764-769-7180x397
184,Nancy Davies,pcalhoun@example.net,"75670 Dudley Extensions
Rileyhaven, GU 05630",+1-923-714-1346x360
185,Rachel Nguyen,ericjames@example.com,"382 Karen Lock
Jacksonstad, OR 68686",2073609155
186,Michael Davidson,castanedamaria@example.net,"44018 George Gateway
Nicholastown, MN 21980",001-963-766-7667x281
187,James Reese,zvega@example.com,"1845 Kirk Ridges
New Alexis, MA 27180",387.355.3513x63681
188,Sarah Jensen,derrick77@example.org,"617 Ryan Station
West Kimstad, PA 65774",001-342-351-1106
189,Kelsey Brown,ewarner@example.org,"46603 Bailey Green Apt. 629
Staceymouth, CA 65868",+1-690-768-3255
190,Robin White,kylie37@example.org,"002 Santos Bridge Apt. 552
Dillonville, NC 19591",744-973-0399x73285
191,Rodney Stephens Jr.,tina50@example.org,"575 Baldwin Summit Apt. 846
Jenningsbury, KS 57275",782-271-7593x99321
192,Mary Hester,jennifer21@example.com,"224 Kramer Crest
West Caitlyn, GA 13565",001-588-424-2588x974
193,Kevin Gardner,ryan99@example.net,"916 Swanson Village Apt. 759
South Nicole, RI 02680",(895)898-8351
194,Matthew Sullivan,christensencharles@example.com,"3600 Alexander Mountains
North Keithville, OH 14463",(977)993-8583x784
195,Sarah Hernandez,danielle68@example.com,"84590 Cathy Pass Apt. 343
East Robertport, SD 98922",509-408-6099x8730
196,Nicholas Bailey,nathancarr@example.org,"68498 Sarah Lane Apt. 609
Martinstad, VI 76862",(830)922-8614
197,Dean Bryan,james53@example.org,"973 Andrew Hills Suite 300
Wellsbury, AR 27943",937-712-4446
198,Ronald Becker,qjohnson@example.net,"261 Torres Club
Meyerbury, NE 98905",001-703-204-0119
199,Daniel King,joseph69@example.org,"1431 Christian Plains
New Shawnport, VA 94591",(399)212-8136
200,Patricia Dominguez,boydjared@example.com,"17159 Kevin Lodge
North Coreyhaven, SC 00602",4006130071
201,Richard Hampton,lwagner@example.com,"767 Gomez Roads Apt. 668
Ramirezton, MD 86456",735-877-3738x163
202,Ryan Deleon,moodyjulia@example.net,"38809 Stevens Ports Suite 213
West Nancyberg, SC 18381",(233)898-1662
203,Hailey Thomas,cathy12@example.net,"92107 Corey Run Suite 307
North Vincentview, IA 09372",951.929.3927
204,Sabrina Martinez,anthonymoore@example.org,"2311 Harper Knolls Apt. 824
Hansenton, MI 45464",001-590-867-8914x077
205,Mr. Terry Flores DVM,fosterhannah@example.org,"4253 Christine Villages Apt. 340
East Jonathan, NJ 36752",+1-208-785-1008x73842
206,Thomas Brown,ryan10@example.com,"67832 Kristy Rue
Kingville, DC 10460",+1-824-729-8425x1656
207,Alicia Davila,richardmichelle@example.com,"5649 Courtney Lane
Port Carlos, IL 75769",859-537-5371
208,Jamie Baker,jessica14@example.com,"055 Christopher Groves Suite 541
West Kelly, IA 07038",579-607-5797x67661
209,Michael Hansen,ryanmartinez@example.com,"94383 Gonzalez Extension Suite 194
North Jamesborough, FM 73755",+1-975-573-6841x4398
210,Jack Wood,ysawyer@example.org,"021 Veronica Run
Williamsview, ND 09437",297-911-1456x28818
211,Paula Hall,qanderson@example.org,"7701 Chapman Rue Suite 365
Patriciaville, MP 22784",6547691227
212,Alice Harris,kevinwalton@example.net,"72513 Anthony Lakes
North Antonio, OK 70306",+1-373-748-8625x06298
213,Cynthia Ward,wendyhampton@example.com,"945 Chad Shores Suite 389
North Andrewborough, OR 88125",001-471-364-9209x76732
214,Rachel Hill,anthonygarcia@example.net,"533 David Cliff
Nashhaven, WA 96204",704-932-2374
215,Theodore Bowen,cwade@example.com,"319 Wilson Radial
Morrismouth, KS 99401",833.872.7788x971
216,Crystal Austin,carlgibson@example.org,"24037 Miranda Forks
Oconnorhaven, WY 90256",(308)636-8892
217,Todd Richardson,samuelhopkins@example.net,"Unit 9971 Box 1718
DPO AA 37494",(394)552-5969
218,Rhonda Black,jon60@example.net,"Unit 8655 Box 6099
DPO AE 75267",001-214-721-8662
219,Michael Henderson,jeanne70@example.com,"3433 Rogers Ford Suite 771
North Rebecca, ME 06767",(887)352-0863x59022
220,Anthony Baldwin,curtisbenjamin@example.net,"978 William Prairie Suite 446
Lake Joseville, CO 42584",(294)230-8490x116
221,Edwin Mcdonald,robertsonnancy@example.com,"234 Arthur Forks Suite 371
East Marissaland, SD 91788",+1-710-435-5899x4694
222,Angela Taylor,oclayton@example.com,"PSC 7248, Box 3806
APO AE 11193",223-756-4998x668
223,Jeffrey Wilson,,"59012 Guerra Harbor Suite 759
Matthewview, NY 74308",001-373-900-0035x34141
224,Karen Smith,sandovaltonya@example.org,"896 Christopher Turnpike Suite 543
Cardenasfort, PA 65560",(448)252-6869x533
225,Susan Rodriguez,connor11@example.org,"19297 Bowers Plains
South Joshua, HI 72461",001-711-948-1702x2413
226,Joseph Jackson,xmartinez@example.com,"871 Brianna Circles
Port Courtney, FM 60917",001-586-995-4192x570
227,Nancy Edwards,coletimothy@example.net,"USCGC Rodriguez
FPO AP 98186",515-396-6307x931
228,Javier Boyle,rcox@example.org,"02084 Benson Plain
Scottfort, AK 34752",322-658-9153
229,Rhonda Maldonado,brandoncarpenter@example.net,"Unit 7771 Box 4368
DPO AE 93501",+1-275-286-2641
230,Dorothy Hopkins,joshuagregory@example.net,"973 Ralph Village
Middletonton, WI 42096",001-718-421-3196x86931
231,Edward Green,vford@example.org,"49919 Michael Walk
Garciaborough, GU 44564",001-653-499-3491x503
232,Tracy Taylor,ayork@example.org,"78242 Kimberly Forges
Tamarachester, CT 97555",(558)833-7805
233,,snydertimothy@example.org,"Unit 1918 Box 3962
DPO AA 37090",001-894-849-1328x456
234,Vincent Hahn,wilsonbarbara@example.net,"4754 Arnold Forest Suite 366
West Angela, GU 64727",001-772-834-2668x5852
235,Todd Foster,aaronmendoza@example.net,"94252 Henderson Hill Suite 307
Karenbury, OH 20546",(206)567-2841
236,Mark Williams,sabrina63@example.org,"9673 Rebecca Lakes
Lake Jeremy, HI 51477",(954)619-7497
237,Michael Russell,kirkkaren@example.net,"USNS Boyd
FPO AP 47183",+1-611-593-4621x232
238,Briana Forbes,davilajennifer@example.org,"7658 Wolf Loaf Apt. 167
Lake Tanyachester, AK 01000",837.339.0930x45101
239,Paul Wu,johnjohnson@example.net,"123 Arthur Junctions
South Michaelburgh, HI 41797",001-528-491-0837x5318
240,Amy Terry,ohoward@example.com,"1474 Campbell Vista Suite 473
Lake Haleyfort, FL 72492",001-725-936-2404
241,Christy Gregory,ilang@example.org,"USS Adams
FPO AP 16555",945-798-6981x3486
242,Jason Roberts,daniel68@example.net,"033 Jackson Grove
Smithhaven, AS 63973",(649)786-8568x90635
243,Patricia York,sandramiller@example.com,"7013 Hill Heights Apt. 943
Judyfurt, NM 93925",4893671586
244,Diana Williams,dawnjones@example.org,"Unit 8945 Box 1887
DPO AP 99703",(424)448-3717x2464
245,Brent Clark,paul46@example.com,"8029 Brent Circle Apt. 901
Port Jeremy, NV 30869",685.345.9127x258
246,John Hartman,julia68@example.net,"Unit 3783 Box 2980
DPO AP 16324",001-455-840-0230x548
247,Kenneth Brown,sstrickland@example.net,"5433 Mary Ramp
Grosschester, MH 00512",(937)957-3654x497
248,Mark Pierce,jose88@example.org,"493 Kevin Mills Suite 648
Navarroville, GU 92008",5086289704
249,Dawn Meyer,michaelberry@example.net,"781 Rose Prairie Apt. 322
New Ashlee, HI 17272",250-258-1720x7219
250,Samuel Williams,kdominguez@example.com,"202 Catherine Parkway Apt. 247
Janetberg, NV 06992",407-743-5406
251,Randy Anderson,johnfry@example.com,"287 Rachel Mews Suite 017
Greenview, MO 28552",+1-475-717-3057x584
252,Stephanie Potter,clucas@example.net,"Unit 0858 Box 7244
DPO AA 88382",001-501-707-6708x536
253,Brandon Valdez,wsmith@example.org,"6055 Sarah Camp Suite 885
Davidchester, AS 26679",001-329-359-7520x502
254,Antonio Abbott,schurch@example.org,"523 Decker Corner
South Brittanymouth, NY 75781",364-780-6293x281
255,Jade Gonzalez,ncruz@example.org,"48956 Koch Inlet
Marciaport, WV 33026",+1-774-739-5680x6937
256,Michelle Williams,huntsharon@example.com,"9802 Manning Union
Port Susan, MD 46004",564-292-4833x2558
257,Timothy Rodriguez,sonyahooper@example.net,"PSC 5410, Box 3822
APO AE 87033",371-329-2900x989
258,Geoffrey Williams,tsnow@example.org,"59431 Stephen Ranch
Friedmanbury, MA 37489",+1-515-625-5405
259,Matthew Hernandez,colemanyesenia@example.net,"34745 Wagner Lane Suite 332
Lambertfurt, NC 83899",001-858-905-3398x774
260,Mr. Larry Mathis MD,coleashley@example.org,"Unit 9454 Box 2467
DPO AA 83000",(973)819-0628
261,Erin Gregory,mwilliams@example.net,"20131 Waters Fort
South Jenniferchester, PW 41982",452-768-7525x015
262,Mathew Dunn,yblackwell@example.com,"0930 Christopher Parks
New Holly, NV 89729",(437)338-1121x91521
263,Marissa Andrews,clarkjennifer@example.net,"50219 Terry Forges Apt. 055
East Richardhaven, TN 16393",747.881.6314
264,Paul Benson,jasonlewis@example.net,"Unit 4492 Box 3772
DPO AA 59001",001-787-921-1336
265,Noah Alvarado,flowerskristina@example.org,"PSC 7240, Box 5549
APO AE 08613",3662392836
266,Timothy Martin,aaronrodriguez@example.net,"30477 Tanya Court Suite 744
West Peterland, PA 08971",914.710.5762x16121
267,James Williams,ericahuang@example.org,"9264 Mikayla Valley
Thomasfurt, PA 20863",348-214-4854
268,,ruizdana@example.net,"14056 Guzman Run Apt. 305
Lake Richardberg, ID 43047",001-993-831-1745x00586
269,Joseph Brown,cookjessica@example.net,"88298 Williams Land Suite 207
Dunlapberg, IA 77741",768.423.5094x900
270,Dr. Steve Boyer,andersonmichael@example.net,"Unit 4032 Box 1780
DPO AA 12476",445.815.5953x91916
271,Sarah Wagner,hendersonpamela@example.com,"522 Sabrina Gardens
Jamesborough, MP 11374",(637)968-8351x2369
272,Dana Graham,raymond93@example.com,"56027 Alexander Pines
Brucemouth, NM 19967",001-658-269-4618
273,Nathan Jacobson,christopher98@example.net,"7829 Morgan Shores
Bonniebury, MA 82136",643.433.9988x9059
274,Thomas Franklin,lraymond@example.org,"Unit 3507 Box 6470
DPO AE 70617",001-371-623-8062x001
275,Terry Lewis,danielaaron@example.net,"3315 Vega Circles
Gravesville, VI 19128",289-958-0090x5065
276,Margaret Davis,turnerwilliam@example.com,"123 Johnson Parks
West Jacobfort, NY 13123",710.957.3478
277,Elizabeth Oconnor,roberthanna@example.com,"10835 Ann Loaf Suite 049
Vaughanstad, NM 90946",(730)475-3789x9861
278,Matthew Orozco,sheilaclark@example.com,"98669 Colin Radial
West Edward, MO 37160",558-422-0429x70896
279,,mathewsjeffrey@example.com,"99752 Norman Plains
Port Jasminestad, AS 76766",972-956-0330x76383
280,Beth Cook,pwilson@example.net,"32675 Mann Drive
West Amyshire, VI 28520",(912)333-2309x72595
281,Robert Kennedy,justin61@example.com,"2739 John Knolls
Port Kayla, WY 78836",001-474-664-1097
282,Jason Nelson,williamsmith@example.com,"9743 Michael Route Suite 508
Thomasfurt, VA 17345",001-707-990-7093x9568
283,Joshua Ford,joshuaalexander@example.com,"29785 Angela Stream
Lake Melissafurt, CT 16844",229.368.9587
284,Veronica Ho,michelle55@example.com,"797 Scott Vista
East Nicholasborough, AK 07407",+1-361-472-8738
285,Austin Carter,perezmelissa@example.com,"PSC 1338, Box 4269
APO AP 80979",(631)357-7106x258
286,Hannah Lucas,juliaarnold@example.com,"0228 Cannon Light
North Douglas, ND 10800",432-204-4961
287,Nichole Torres,zwebb@example.com,"930 Stacy Glen Apt. 885
South Desireeton, AR 97847",001-883-518-7944x42621
288,Calvin Howard,bruce93@example.com,"66101 David Courts Apt. 819
Carolynberg, VI 29376",+1-292-393-5330x30318
289,Natalie Jones,melissamontgomery@example.org,"591 Tiffany Alley
New Michael, TX 43413",475.320.8959
290,Melissa Garrett,ileach@example.com,"0846 Gabrielle Common
East Carlaview, WV 31376",415-746-6362x493
291,Joel Martinez,reyesmatthew@example.org,"4518 Alexander Mill Suite 266
Port Pamela, HI 27042",691-518-4938x0832
292,William Richardson,william71@example.org,"7494 Gibson Well
North Jonathan, CA 73458",(395)817-7431x0655
293,David Barnett,whitelaura@example.net,"PSC 5572, Box 2448
APO AE 46498",+1-406-473-8162x8080
294,Patricia Stewart,ljones@example.net,"501 Seth Gateway
East Teresaport, GA 28935",4837861251
295,Joshua Johnson,victoriachristian@example.org,"2874 Monica Hill
East Michael, FM 32771",(901)800-3932x37605
296,Brenda Lopez,donna51@example.org,"Unit 5599 Box 3314
DPO AA 09539",(857)791-1023x56742
297,Ricky Lynn,goodmankari@example.org,"0193 Valerie Ranch Suite 995
South Daniel, WA 48510",551.865.6444
298,Christian Riley,portermichele@example.org,"935 Melissa Turnpike Suite 350
North Christopherside, IL 96091",+1-334-517-5692x980
299,Patricia Johnston,hopkinsivan@example.net,"6910 Morgan Shoals Apt. 367
Seanbury, PR 38072",(585)363-5411x26101
300,Darlene Hartman,ronaldgonzales@example.net,"8788 Danny Lock Apt. 827
Donnaburgh, MI 20957",001-222-294-7710
301,Mr. David Williams,abigailclark@example.org,"7931 Vincent Circle
North Lisaborough, MI 30138",457.669.2211
302,Edward Leonard,michaelchavez@example.net,"410 Meredith Island
North Karen, SC 20723",001-707-924-3206x825
303,Monica Swanson,rodney05@example.net,"465 Faith Key
East Karla, PA 44479",8683489970
304,Todd Pena,olsontara@example.com,"4090 Michele Plains
North Sherylberg, OR 71999",457-548-9767x011
305,Katherine Kim,benjaminjames@example.com,"732 Allen Neck
East Warren, IL 04467",+1-905-264-4345x489
306,Joshua Tyler,ofrye@example.net,"124 Joyce Court
East James, MT 90424",364-864-7141x4796
307,Jennifer Watson,bbrown@example.com,"Unit 0697 Box 9101
DPO AE 13292",756.382.3533
308,Andrew Brown,amy44@example.org,"Unit 0947 Box 0263
DPO AP 29971",761-383-6962
309,Lindsay Dorsey,charles35@example.com,"USCGC Jones
FPO AE 63652",001-762-536-4729x924
310,Anthony Ramos,pateltrevor@example.org,"980 Angel Mall Apt. 452
North Terri, AK 56330",001-912-860-1786x07468
311,Jeffrey Johnson,fcross@example.org,"18399 Jessica Plaza
Jonesborough, DE 82882",844.720.3044
312,Audrey Hall,jennifermiller@example.org,"0407 Paul Row Apt. 354
Lake Lisa, DC 98001",571-213-6561
313,Marie Morgan,hicksjeremy@example.net,"2790 Pennington Unions Suite 098
South Jennifer, SD 35971",358.339.1234x25210
314,Gary Shepherd,amywalker@example.org,"4601 Brown Stravenue
South Michellehaven, ME 49696",688.221.3714x6365
315,Kenneth King,cameronibarra@example.net,"3124 Richardson Valleys
Gutierrezborough, SD 44652",(911)386-5831x21242
316,Donald Warren,rodney60@example.org,"7545 Pena Gardens
Lake Michaelshire, MP 06148",752-922-4741
317,Lucas George,autumn67@example.org,"2378 Garza Pass Suite 912
South Lisamouth, RI 01384",246.634.7984x714
318,Roy Taylor,snowjanet@example.net,"81145 Patel Field Apt. 095
New Joseph, AZ 77722",(576)711-1326
319,Scott Day,thenderson@example.net,"6116 Potter Street Suite 126
Lake Sandytown, NM 62491",457-376-7199
320,Katelyn Allen,kristen51@example.net,"Unit 1015 Box 6482
DPO AP 49473",(687)631-2870x8231
321,Thomas Mcknight,christinathomas@example.com,"62616 Timothy Street
New Judyland, VI 41609",001-563-258-1408x15075
322,Brandon Allen,ifoster@example.com,"4143 Pam Ridge
Nelsonville, ND 10578",(855)903-1015
323,Joseph Sanchez,nwells@example.org,"1621 Ortega Center
Kristopherhaven, NV 55578",776-996-8496x69793
324,,joneskelly@example.net,"81641 Hill Trail
Stephenston, FL 51611",232.856.6664
325,Jasmine Walsh,aalexander@example.com,"715 Erik Forges
New Amy, AZ 09942",001-444-734-7315
326,Richard Castro,washingtonmary@example.com,"74667 Short Turnpike
Hollandshire, WA 91040",280.212.2954x78195
327,Amber Mendez,victoria35@example.org,"86623 Stanton Lake Suite 971
West Brianview, IL 54546",945-702-9235x2837
328,Edwin Bradshaw,qsmith@example.com,"444 Stephanie Burg
Port Rebecca, MI 81216",292.899.4871x66944
329,Sean Zamora,jenniferwilson@example.com,"322 Matthew Course Suite 455
Nicholshaven, AK 17530",7038132977
330,Shelley Baldwin,jenkinsmichelle@example.net,"27978 Lopez Square
Davilaland, MP 29349",4168670905
331,Taylor Higgins DDS,robert55@example.net,"077 Shelley Summit
Port Dylan, NM 60794",(395)357-1448
332,Samantha Alexander,jamesaguilar@example.net,"1337 Jeff Alley
Port Rickyton, RI 86698",001-529-653-0390x32239
333,Travis Chavez Jr.,mccarthyscott@example.org,"9493 Christine Forge
Port Rachael, PW 05765",5653652655
334,Brooke Jordan,rspencer@example.com,"930 Chavez Spurs
Fieldston, NV 58475",400.750.2368
335,Laurie Huffman,trantina@example.com,"6940 Thomas Parkways Apt. 059
Port Rebecca, ID 27228",470-256-5902x89867
336,Kristen Carson,loretta59@example.org,"13702 Evans Canyon Apt. 104
East Virginia, NC 48968",001-290-833-9907x0467
337,Joann Dougherty,ewashington@example.net,"343 Rebecca Road
New Monica, MO 71754",482-294-6498x1584
338,Robert Coleman,shelly95@example.net,"21709 Schwartz Unions Apt. 473
North Catherine, VI 30006",+1-708-269-3003x1689
339,Cheryl Rogers,krobertson@example.org,"6949 Kelsey Coves
Lake Mistyfurt, ID 38003",522.943.0875x300
340,Sonya Hernandez,calebweiss@example.org,"67591 Lisa Valleys Suite 952
North Carlamouth, WA 76198",484-399-5011
341,Jacqueline Serrano,seanhall@example.com,"958 Tyler Alley Suite 270
Cochranfurt, DC 01028",402-988-9609x71697
342,Laura Burgess,timothy25@example.net,"436 Bruce Ports
East Jade, SD 05442",5934994238
343,Daniel Thomas,rjackson@example.com,"8061 Larry Neck Suite 921
Harrisburgh, AL 68704",944-984-2284
344,James Rivera,yhinton@example.net,"686 Sherry Islands Suite 355
Port Dianaport, SD 22663",761-719-1433x7027
345,Eddie Romero,voneill@example.com,"604 Billy Plaza Apt. 206
West Stevestad, WY 44434",230.760.9325x43988
346,Sandra Kim,ubuckley@example.com,"763 Johnston Coves Apt. 347
Bennettmouth, MH 40924",677.333.2521x313
347,Michelle Mason,zlambert@example.org,"6738 Harmon Crossing Suite 065
Bookerside, CO 10729",959-536-3948
348,Danielle Walker,tiffanythomas@example.org,"549 Evans Highway Apt. 910
Danielberg, MN 83800",213-824-4533
349,Kenneth Taylor,alexandra71@example.org,"1616 Juan Inlet
East Philipview, RI 94257",(387)630-0472
350,Jack Mccarty,,"05971 Bob Springs Suite 888
New Tylerton, ID 21628",462.373.6182x8550
351,Alan Alvarez,jason80@example.com,"9069 Elizabeth Meadows
Loganbury, UT 97710",8465296789
352,Heidi Shaffer,robinsanchez@example.com,"03755 Anderson Cliffs
Port Kenneth, MH 85285",(738)235-0754
353,Cody Boyd,icisneros@example.org,"2447 Williams Fork Suite 994
Walkerland, FM 99358",001-722-990-0967x1886
354,Mary Hill,rebekahcochran@example.org,"28825 Alicia Track Apt. 520
Moorestad, MT 29743",+1-838-511-3429x24988
355,Brianna Reyes,monicasmith@example.com,"USNV Harris
FPO AP 23662",514.666.3945x0644
356,Richard Johnson,jared94@example.com,"836 Kristen Mill Suite 055
Irwinbury, RI 25363",4549890851
357,Amanda Gonzalez,nmorris@example.org,"2219 Jared Cliffs
Kelseyborough, CT 34988",001-982-611-0020
358,Jasmin Jensen,carmen32@example.com,"684 Arthur Valley Apt. 956
North Zacharyborough, LA 24565",8267499800
359,Denise Merritt,annabell@example.org,"29564 Fernandez Street Apt. 102
Brownmouth, CT 48489",(667)459-6045x0377
360,Brenda Payne,mitchellkatie@example.org,"0850 Ricky Ways Suite 109
North Joshuatown, NM 28877",992.911.5201x307
361,Carla Armstrong,kentjasmine@example.com,"6775 Mendez Ferry
Christopherberg, OH 58183",(949)393-5205x041
362,Adam Morgan,darrenwhitaker@example.net,"Unit 9303 Box 0486
DPO AP 51374",305-600-5883x12101
363,Rachel Wall,fredericklee@example.com,"463 Sonia Glens Apt. 812
Weaverbury, ND 29951",559.398.8942x7584
364,David Wilson,jeffreyhughes@example.com,"68037 Smith Cove
New Stephen, MD 58099",(599)969-4965
365,Elizabeth Gray,melanie66@example.com,"0829 Soto Spring Suite 392
South Rita, NC 50970",001-756-699-3470x7807
366,,nicolemiller@example.net,"7363 Donna Terrace
Sarahview, ME 78554",(959)966-7922x713
367,Richard Maxwell,nwheeler@example.net,"684 Schneider Plaza
Melissafurt, KY 55809",001-644-318-1022x64199
368,Susan Gallagher,dennis63@example.net,"USNS Cardenas
FPO AE 89319",(656)688-4755x695
369,Terry Hernandez,amywillis@example.com,"01238 Johnson Coves Apt. 299
Martinezborough, LA 08400",531-616-4488x3868
370,Trevor Martin,moyerjoseph@example.org,"PSC 2932, Box 7901
APO AA 92727",+1-452-280-5742x354
371,Brady Weber,joneskathryn@example.org,"703 Sean Garden
East Kenneth, PA 22565",500.714.7436x276
372,Stacy Rose,lmitchell@example.org,"208 Curry Groves Apt. 028
Port George, ME 19251",001-510-807-9469
373,Jacob Green,lesliekelly@example.org,"50337 Joshua Rapid Apt. 530
Jamesberg, VI 57705",(581)291-4098x98792
374,Mr. Charles Bernard,agarrison@example.org,"2272 Meza Hill
West Tiffany, MS 48496",309.814.2916
375,Amy Lee,terrychad@example.org,"9487 Daugherty Terrace
Mandyland, VA 05394",814-577-5949x02762
376,David Johnson,marcus39@example.com,"7989 Dawn Forges Apt. 655
East Aliciatown, PR 08464",+1-863-583-9517x715
377,Carolyn Roberts,kennethbrown@example.org,"347 Amber Ways Suite 432
North Calvin, ND 06961",+1-918-857-2896x4075
378,Jill Park,rileyjoe@example.com,"068 Stephen Course Apt. 015
Shannonchester, NY 67755",569-449-4679
379,Janice Combs,gpittman@example.org,"6416 Jennings Villages
East Kirkside, NJ 57460",+1-269-553-7490
380,Isaiah Davis,amy65@example.org,"49222 Lisa Stravenue Suite 901
East Rickchester, TX 58464",001-993-490-3805x1351
381,Brett Bullock,johnweber@example.com,"35498 Kristen Courts
Adamside, AR 28681",675-427-9042
382,Carmen Cook,tonywoods@example.net,"957 Campbell Rapids Apt. 559
North Michele, RI 88093",7609614321
383,Samuel Johnson,tburnett@example.org,"17654 Hamilton Knolls
Bellmouth, NC 78977",001-610-622-8924x83748
384,Randy Reed,khebert@example.com,"45519 Williams Plain
East Heather, RI 38401",425-861-6416x0556
385,Kara Ramirez,jeremywong@example.com,"15394 Lopez Wall
New Staceyside, MA 76994",+1-583-287-4960x7628
386,Ryan Morris,melissahuerta@example.net,"9908 Richard Rapids
Cookberg, MD 64308",(985)849-0719x5410
387,Kristina Harris,william72@example.net,"760 Sara Key Suite 485
Chadbury, MN 25621",6844552079
388,Mikayla Rodriguez,amanda16@example.org,"Unit 4974 Box 9272
DPO AE 40439",7814458070
389,Eileen White,zunigalacey@example.com,"08831 Rebecca Well
Lake Cynthia, IL 05225",2668752425
390,Craig Ware,stephen56@example.net,"9021 Sarah Throughway Apt. 299
Jonesborough, AS 25349",236-612-1548x35540
391,Jeremy George,kenneth39@example.net,"3152 Williams Turnpike
New Jenniferhaven, MO 47495",592-834-2321
392,Regina Alvarado,rosaleslauren@example.net,"PSC 9185, Box 4780
APO AE 27240",426-917-9215x8917
393,Amanda Meyer,perickson@example.com,"670 Craig Club
Port Kenneth, WA 50362",559-578-4380x768
394,Aaron Hernandez,savageaaron@example.com,"Unit 4276 Box 8771
DPO AA 08472",001-676-906-5904
395,Charles Valdez IV,tylerrush@example.net,"9104 Powell Heights
North Kristin, MH 25414",+1-485-856-1082x605
396,David Wilson,keithbrian@example.org,"1480 Jennifer Mews Apt. 570
Port Gabriel, MT 67234",400.350.3194x69600
397,Austin Powell,ecox@example.net,"5252 Williams Courts Suite 512
West Kathleenmouth, NY 44671",777.728.9166
398,Jessica Young,rebekahwest@example.org,"5558 Jason Greens
Shannonland, UT 70675",+1-503-305-1642
399,Amanda Perez,longkristen@example.org,"3671 Robinson Curve
North Wendyside, ID 38512",783-563-9219x72237
400,Lynn Ramirez,zsheppard@example.org,"85557 Nicole Vista
Port Angela, AZ 21868",001-455-477-6258
401,Emily Ferguson,iramirez@example.org,"42190 Wright Extensions Apt. 419
South Jillian, TN 45083",+1-380-648-7580x8986
402,Anita Craig,qreyes@example.org,"10389 Diana Branch
Lake Jennifer, IN 62805",917-702-5024
403,Stacey Carroll,oyoung@example.net,"941 George Junction
South Linda, SC 55162",(948)555-9710x39710
404,Robert Henry,qjohnson@example.org,"95543 Mooney Circle Suite 565
North Amanda, MO 06006",+1-551-953-4962x704
405,Rebecca Cox,nguyenbenjamin@example.org,"8007 Christy Port Suite 242
North Alexandraberg, KS 69210",327-995-5821
406,Rachael Calderon,michaelmitchell@example.com,"PSC 5107, Box 5315
APO AE 67543",(254)971-4180
407,Cameron Pacheco,vortega@example.com,"0859 Kimberly Path
Stevetown, IL 97495",367.962.2970
408,Walter Levy,whitestephen@example.net,"Unit 0830 Box 3000
DPO AP 94777",(604)390-4553
409,Anita Sullivan MD,rebeccabrown@example.com,"44065 Maldonado Parkway Suite 140
Wuville, MI 65083",001-993-670-7746x198
410,Ashley Gallegos,sharoncollins@example.org,"USCGC Zimmerman
FPO AE 16009",331-266-3225x49441
411,Donald Garcia,yateselizabeth@example.net,"092 Ortiz Parkways
North Ronald, DE 74435",4354357140
412,Mary Scott,nlee@example.com,"91042 Rivera Isle
Adamsmouth, DE 02058",+1-317-730-7324x649
413,Douglas Gates,michaelharris@example.net,"6494 Raymond Common
North Michaeltown, NV 38493",801.716.5726
414,Sandra Dickson,julierichard@example.org,"USS Hamilton
FPO AA 40872",(858)818-1026
415,Frank Robinson,greerbrad@example.org,"58913 Nathan Forest
Seanberg, PR 53938",8512986534
416,Tom Porter,thompsonbrooke@example.com,"529 Martin Cliffs Suite 621
Port Lisa, CO 22857",(607)434-9005x4274
417,Ashley Bailey,meganrobles@example.com,"925 Butler Landing Suite 321
North Timothyside, MP 46280",4675313511
418,Peggy Thompson,scochran@example.com,"729 Smith Spur
Baileyfurt, SD 65357",504-210-6034x27305
419,Matthew Thompson,michael79@example.com,"6798 Tara Forge Apt. 133
Briannamouth, UT 32843",001-991-408-5205
420,Melissa Ford,williamsscott@example.org,"Unit 4980 Box 7212
DPO AP 49353",702.298.9093x7629
421,Chelsea Holland,vancelee@example.com,"401 Felicia Villages
Port Dawn, OR 57127",(690)382-4393x14206
422,Dr. Jacqueline Gross MD,gfrost@example.com,"97194 Cox Points
New Diane, OR 91165",253.374.6069x065
423,Molly Lucas,tramirez@example.net,"7654 Reyes Union Apt. 046
Blackland, NJ 73489",864.320.0527x687
424,Christina Salazar,michael68@example.com,"1291 Smith Extensions
Mitchellfurt, KS 52140",872-999-5176x526
425,Michael Harris,kvalentine@example.org,"6900 Roberts Light Apt. 403
Jenniferland, MP 30805",001-200-614-8210
426,Megan Marquez,kimberly68@example.org,"166 Vasquez Village Suite 440
Lake Aaronmouth, IL 14074",+1-876-211-4315x9533
427,Caroline Clark,edward70@example.org,"PSC 8493, Box 5435
APO AP 27087",(569)992-2612
428,Cassie Compton,kevinpowers@example.com,"1003 Madeline Views
New Dianetown, AL 93540",6865027505
429,Marvin Fry,kylewashington@example.net,"6591 Stacie Row Suite 227
South Alexandraland, IA 07370",(903)685-5099x307
430,Marcus Ball,kaitlyn27@example.org,"PSC 7589, Box 1375
APO AE 96508",208-934-6778x023
431,Steve Norris,tyler06@example.com,"864 Anthony Locks
East Carly, FL 86440",+1-965-744-1086
432,Debbie Parker,carly24@example.com,"4332 Nelson Meadow Apt. 628
Edwardshire, AS 97374",790-858-0428
433,Cynthia Carter,kle@example.net,"2358 Castillo Coves
Saraville, KY 03660",001-233-528-3796
434,Jillian Hays,fcombs@example.org,"281 Castillo Parkway Suite 444
Lake Cynthia, IN 28462",467-783-2760
435,John Gonzalez,webbchristina@example.org,"04515 Kyle Passage Suite 967
Port Paul, ND 85043",657-499-3953
436,Tyler Moore,andersonstephen@example.com,"Unit 5196 Box 4295
DPO AA 03103",(631)665-7758x44947
437,Ian Horn,williamsfernando@example.com,"5684 Brett Heights
Alvaradofort, OH 27128",(418)421-7942x359
438,Luis Levy,julie53@example.net,"2062 John Canyon
East Joanne, SD 54084",563.699.2036
439,Renee Evans,brandimartinez@example.com,"97707 Charles Square Apt. 585
North Jenniferport, NV 65240",(282)783-7945x48601
440,Alyssa King,ericksondavid@example.org,"79193 Gibson Throughway
Pierceview, MA 76549",+1-448-205-5394x1692
441,Angelica Montgomery,gstrickland@example.com,"0162 Mark Squares
Haneymouth, SD 51756",(681)697-0518x581
442,Robert Romero,marissa91@example.net,"846 Tonya Landing
Jasonburgh, FL 90522",+1-585-415-0069
443,William Chung,alexandria01@example.net,"66009 Glass Cliff Suite 715
Cookville, GU 11432",+1-831-908-1999x3788
444,,danielle12@example.com,"10582 John Greens Apt. 369
Garciaville, NE 50488",807.378.7962
445,Jason Parker,ryanharrell@example.net,"8101 Victor Key Suite 056
Port Catherine, AS 28627",001-789-306-5838x698
446,Latasha Shepherd,danieljackson@example.net,"376 Silva Canyon Apt. 975
New Lindaville, AS 16098",(260)658-6311x2710
447,Shane Davis,nashbradley@example.com,"6886 Laura Square Suite 137
East Kevin, IN 69249",301.796.9080
448,Marisa Haney,zguzman@example.org,"78109 Smith Terrace Suite 888
Melissastad, HI 58130",+1-504-226-8495
449,Breanna Jordan,jamescole@example.com,"168 Daryl Springs Suite 073
Thomasfort, WA 12506",(473)606-0276x25673
450,Bruce Hurley,colemanjonathan@example.net,"135 Rodriguez Groves Apt. 530
Port Lauraland, NC 33369",+1-872-565-0328x315
451,Steven Martin,lindsey65@example.net,"0985 Waters Ville Suite 627
Port Bonnietown, MT 93280",769.869.5775
452,Deborah Myers,abrown@example.org,"PSC 0576, Box 6950
APO AA 81389",461.996.0978x771
453,Kristen Fuentes,deanna96@example.org,"77682 Weber Extension
East Elizabethview, SD 05825",+1-703-324-7735
454,Peggy Jensen MD,breannawilliamson@example.com,"8308 David Way
West Ann, CT 15709",467-856-7564x2255
455,Sandra Wright,richardcarrillo@example.com,"4412 Jessica Ville Suite 093
Meghanchester, VT 16335",339-810-7842
456,William Mayer,zmalone@example.org,"Unit 2772 Box 6593
DPO AP 74931",+1-895-916-0496x14978
457,Gregory Holmes,victoria31@example.net,"17822 Angela Overpass
Jamesburgh, IN 23118",(259)241-5436x146
458,Dalton Nguyen,curtisdavid@example.net,"6898 Kelly Gardens Apt. 348
South Josephtown, MI 06518",+1-268-232-4277x08124
459,Anthony Carr,jeffreyevans@example.net,"256 Heath Junctions
Duranburgh, FL 11024",777.764.9086
460,Kelly Mendez,bparrish@example.org,"9851 English Freeway
Port Gregory, MA 99896",876.439.3115x6320
461,Chad Morris,webbmargaret@example.org,"USS Evans
FPO AA 01548",777-756-2577
462,Jennifer Martin,james99@example.net,"897 Alexandria Crescent Suite 243
New Jeffrey, MI 24723",395-366-6233
463,Cory Keller,kwu@example.net,"279 Powell Gardens
Harrisport, NV 48067",717.592.3572
464,Courtney Cook,aholden@example.com,"USS Rice
FPO AE 13536",001-259-773-0286x063
465,Kristen Lyons,hintonjeffrey@example.com,"4829 Jerry Via Suite 393
West Jamesburgh, CA 68297",+1-339-220-6093
466,Anna Patel,vanessa68@example.net,"Unit 8351 Box 2695
DPO AP 42572",(656)877-2562
467,Miss Robin Thomas DDS,xcole@example.com,"111 Troy Corners Suite 496
East Seanbury, RI 67705",(903)925-4133
468,Jessica Manning,elizabethlee@example.com,"770 Ford Squares
Frazierside, RI 88818",+1-902-420-1646x564
469,Stephanie Taylor,jessica98@example.org,"27430 Gay Flat
Nealmouth, GA 73558",+1-231-805-5445
470,Brittany Howard,kmunoz@example.org,"180 Santiago Park
East Brianfort, GU 21192",001-618-509-6255x2325
471,Heather Mendez,sdalton@example.com,"6609 Gibson Viaduct Suite 530
Lake Alex, IN 48213",674-464-5037x136
472,Julia Hill,virginia39@example.net,"362 Whitehead Greens
Port Ruben, MO 08755",001-678-881-7008x1980
473,Collin Sharp,hscott@example.com,"017 Ruth Ford Apt. 977
Mooretown, VT 85414",642-776-5291
474,Lauren Brown,vgutierrez@example.net,"18519 Jeffrey Mountains Apt. 558
New Daniel, PA 30879",+1-285-909-9042
475,Katrina Dorsey,ryan53@example.com,"7280 Colon Falls
Port Kenneth, IA 32033",(609)731-1072x29033
476,Mark Torres,larsontiffany@example.net,"Unit 1964 Box 5649
DPO AA 22947",001-571-979-6211
477,Laura Miller,oklein@example.org,"USNS Black
FPO AE 68456",492-325-6119
478,Luis Carr,lindseyward@example.com,"90596 Eric Forest
Wrightton, LA 90424",973-559-6444x62624
479,Joseph Watson,lisa07@example.com,"16113 Robert Gardens
Davidburgh, VT 23068",687.232.6679x52656
480,Tammy Martin,markbrooks@example.net,"230 Cunningham Key
Lake William, NC 08065",+1-541-632-1615x524
481,Zachary Lane,pberg@example.net,"561 Oliver Island Apt. 323
Cooleyberg, KY 39602",+1-201-400-5732x2139
482,Carlos Bishop,patriciapeterson@example.org,"USS Cochran
FPO AE 49984",7223094809
483,Christopher Whitehead,tricia97@example.com,"4939 Johnson Path Apt. 838
Markhaven, AL 36106",627-889-4943x922
484,Matthew Sims,michael21@example.org,"9266 Barnes Fields Apt. 983
Jenkinston, HI 43416",001-485-868-5477x3718
485,David Rodgers,myersjeremy@example.net,"342 Rogers Point
Johnsonfurt, MD 80377",764.432.1775x88116
486,Jeffrey Lopez,zadkins@example.com,"2821 Pamela Estate Suite 344
Reidfurt, MA 66765",001-642-763-6624x2878
487,Michelle Kim,mlawson@example.net,"25664 Harris Causeway
Lake Jessicamouth, AR 09309",+1-695-406-7214x490
488,Jennifer Freeman,lewisjessica@example.net,"882 Thompson Burg
Laurenhaven, MO 33237",001-203-891-8199x61513
489,Dana White,stevenmaddox@example.org,"167 Cooper Hollow
Port Kelly, IA 53528",268.293.0631x77798
490,Mary Kelly,baileykathryn@example.org,"2290 Rivera Creek Apt. 450
Ewingburgh, IN 95448",342-604-0636x5006
491,Samantha Martinez,kimberlyhernandez@example.org,"USNS Jenkins
FPO AE 91707",001-388-627-7396x06591
492,David Morgan,mitchellcharles@example.com,"3826 Stevenson Landing
East Anthony, TN 39771",906.614.7259
493,Kelly Harrison,hernandezdavid@example.net,"23757 Boyd Run
South Jeffrey, IN 66655",001-786-655-1860
494,Jonathan Wheeler,jon07@example.org,"Unit 2145 Box 0973
DPO AP 00520",001-632-586-7883x217
495,Susan Houston,nharris@example.net,"46162 Larson Throughway
Villegaschester, GU 36342",590.379.4144x66751
496,Mr. David Riddle,hardynicole@example.net,"031 Steven Flat
Lindabury, NM 74218",216-377-2431
497,Ashley Thompson,garrett42@example.net,"71245 Hays Mill Apt. 710
North Kevin, OH 57750",(606)922-2617x74483
498,Jennifer Weeks,randallrichardson@example.org,"85544 Kennedy Villages Apt. 169
West Matthewhaven, OH 44708",868-573-5683
499,David Moore,lsmith@example.net,"4245 Welch Rapid Apt. 696
Jamesstad, PA 42361",528-583-1716
500,Anna Wallace,brandon98@example.org,"24614 Meyer Hills
Marksfort, AS 95653",001-476-880-4067
